weeb_petr.png,0.1471144712581747
recycled_petr.png,0.1471144712581747
my_neighbor_petr-o.png,0.036778617814543675
beach_petr.png,0.1471144712581747
haikyuu_is_dumb.png,0.1471144712581747
high_quality_petr.png,0.01471144712581747
pokepetr.jpeg,0.1471144712581747
linkr.jpeg,0.1471144712581747
jim_carrey_petr.jpeg,0.1471144712581747
clean_petr.png,0.1471144712581747
we_didnt_start_the_petr.png,0.1471144712581747
cold_petr.png,0.1471144712581747
petr_needs_coffee.png,0.1471144712581747
class_time_petr.png,0.1471144712581747
piano_petr.jpeg,0.036778617814543675
beetr.png,0.1471144712581747
friend_of_peter.jpeg,0.007355723562908735
petr_the_scout.png,0.1471144712581747
party_petr.jpeg,0.1471144712581747
dragon_ball_petr.png,0.1471144712581747
charmetr.jpeg,0.1471144712581747
thanks_petr.png,0.1471144712581747
know_your_petr.jpeg,0.007355723562908735
zeldr.jpeg,0.1471144712581747
ghostd_petr.png,0.036778617814543675
friends_with_benefetr.jpeg,0.0007355723562908735
one_pietr.jpeg,0.1471144712581747
petrdolph.png,0.1471144712581747
pEt3RRRRr.jpeg,0.007355723562908735
petr.png,0.7355723562908735
